name_key,community,name_Eng,name_Afr
arniston_harbour,arniston,Harbour - Arniston,Hawe - Waenhuiskrans
capetown_port,capetown,Port of Cape Town,Port of Cape Town
coffeebay_site,coffeebay,Coffee Bay landing site,Koffiebaai aflaaipunt
demosite,democommunity,Demo Harbour,Demo Hawe
doringbaai_harbour,doringbaai,Harbour - Doringbaai,Hawe - Doringbaai
elandsbaai_harbour,elandsbaai,Harbour - Elands Bay,Hawe - Elandsbaai
gordons_bay_harbour,gordons_bay,Harbour - Gordon's Bay,Hawe - Gordonsbaai
grangerbay_harbour,capetown,Granger Bay Harbour,Grangerbaai hawe
grassy_park_beach,grassy_park,Grassy Park Beach,Grassy Park strand
harbour_island,gordons_bay,Harbour Island,Harbour Island
hermanus_harbour,hermanus,Harbour - Hermanus,Hawe - Hermanus
hondeklipbaai_harbour,hondeklipbaai,Harbour - Hondeklipbaai,Hawe - Hondeklipbaai
hout_bay_harbour,hout_bay,Harbour - Hout Bay,Hawe - Houtbaai
jamestown_harbour,sainthelenaisland,Jamestown Harbour,Jamestown Hawe
kalk_bay_harbour,kalk_bay,Harbour - Kalk Bay,Hawe - Kalkbaai
kleinmond_harbour,kleinmond,Harbour - Kleinmond,Hawe - Kleinmond
lambertsbaai_harbour,lambertsbaai,Harbour - Lamberts Bay,Hawe - Lambertsbaai
langebaan_yacht_club,langebaan,Langebaan Yacht Club,Langebaan Seiljagklub
masbaai,pringlebay,Masbaai,Masbaai
muizenberg_beach,muizenberg,Muizenberg Beach,Muizenbergstrand
olifants_harbour,olifants,Harbour - Olifants,Hawe - Olifants
paternoster_site,paternoster,Paternoster landing site,Paternoster landing site
portnolloth_harbour,portnolloth,Harbour - Port Nolloth,Hawe - Port Nolloth
sainthelena_harbour,sainthelena,Harbour - Saint Helena,Hawe - Saint Helena
simonstown_harbour,simonstown,Harbour - Simon's Town,Hawe - Simonstad
strandfontein_falsebay_beach,strandfontein_falsebay,Beach - Strandfontein,Strand - Strandfontein
strand_beach,strand,Strand beach,Die strand
strand_pavillion_slipway,strand,Slipway - Strand Pavillion,Slipway - Strand Pavillion
struisbaai_harbour,struisbaai,Harbour - Struisbaai,Hawe - Struisbaai
