name_key,display_name,community
john_svenderson,John Svenderson,arniston
clive_payne,Clive Payne,bellville
dillon_smith,Dillon Smith,bettysbay
rafeeq_ryklief,Rafeeq Ryklief,capetown
aldrin_klassen,aldrin klassen,democommunity
demofisher,Demo Fisher,democommunity
johannes_scribante,Johannes Scribante,democommunity
sharp_dylan,Sharp Dylan,democommunity
simo_mafuxwana,Simo Mafuxwana,democommunity
test_fisher4,Test Fisher 4,democommunity
test_fisher5,Test Fisher 5 admin,democommunity
test_fisher6,Test Fisher 6,democommunity
test_fisher7,Test Fisher 7,democommunity
test_fisher8,Test Fisher 8 admin,democommunity
tsholofelo_legoale,Tsholofelo Legoale,democommunity
joshuashane_coetzee,Joshua Shane Coetzee,doringbaai
pedro_engelbrecht,Pedro Engelbrecht,doringbaai
petro_domberg,Petro Domberg,doringbaai
salvester_don,Salvester Don,doringbaai
bathini_nyeka,Bathini Nyeka,elandsbaai
andreas_livingi,Andreas Livingi,hondeklipbaai
andries_klaase,Andries Klaase,hondeklipbaai
bernardpaul_cook,Bernard Paul Cook,hondeklipbaai
cerylreagon_cook,Ceryl Reagon Cook,hondeklipbaai
christopherbarnard_joseph,Christopher Barnard Joseph,hondeklipbaai
christopher_don,Christopher Don,hondeklipbaai
danieljacobus_ross,Daniel Jacobus Ross,hondeklipbaai
daniel_ruiter2,Daniel Ruiter,hondeklipbaai
desmond_ruiter,Desmond Ruiter,hondeklipbaai
erroljonasreginald_duckett,Errol Jonas Reginald Duckett,hondeklipbaai
hansjohannesjacobus_samson,Hans Johannes Jacobus Samson,hondeklipbaai
isak_don,Isak Don,hondeklipbaai
jamessilvester_morris,James Silvester Morris,hondeklipbaai
johncalvyn_adams,John Calvyn Adams,hondeklipbaai
johnyfritz_don,Johny Fritz Don,hondeklipbaai
josef_linyando,Josef Linyando,hondeklipbaai
leonwilliam_gallant,Leon William Gallant,hondeklipbaai
loftus_bardenhost,Loftus Bardenhost,hondeklipbaai
malcolmalexander_cloete,Malcolm Alexander Cloete,hondeklipbaai
marco_barbery,Marco Barbery,hondeklipbaai
nicolaas_cloete,Nicolaas Cloete,hondeklipbaai
pascaletienne_vanrooi,Pascal Etienne van Rooi,hondeklipbaai
richard_petrus,Richard Petrus,hondeklipbaai
rina_bardenhost,Rina Bardenhost,hondeklipbaai
rochuanbazzil_soudens,Rochuan Bazzil Soudens,hondeklipbaai
romeyglasston_diergaardt,Romey Glasston Diergaardt,hondeklipbaai
willem_sogop,Willem Sogop,hondeklipbaai
williamdavid_vanreenen,William David van Reenen,hondeklipbaai
amos_hartnick,Amos Hartnick,kleinmond
andre_scott,Andre Scott,kleinmond
angelo_jansen,Angelo Jansen,kleinmond
ann_vanniekerk,Ann Van Niekerk,kleinmond
celeste_april,Celeste April,kleinmond
charl_duplessis,Charl Du Plessis,kleinmond
charles_fuller,Charles Fuller,kleinmond
charlesgeorge_smith,Charles George Smith,kleinmond
desmond_makka,Desmond Makka,kleinmond
dirk_andries,Dirk Andries,kleinmond
eugene_sebastiaan,Eugene Sebastiaan,kleinmond
krynauw_burger,Krynauw Burger,kleinmond
kurtrussel_rheynicke,Kurt russel Rheynicke,kleinmond
manuel_smith,Manuel Smith,kleinmond
marie_macwyn,Marie Macwyn,kleinmond
mbuyiselo_makibi,Mbuyiselo Makibi,kleinmond
melvin_jooste,Melvin Jooste,kleinmond
nicholas_taylor,Nicholas Taylor,kleinmond
nicklaas_jansen,Nicklaas Jansen,kleinmond
nicolas_kies,Nicolas Kies,kleinmond
petrus_april,Petrus April,kleinmond
randolph_debruyn,Randolph De Bruyn,kleinmond
ray_williams,Ray Williams,kleinmond
rinaldo_arthur,Rinaldo Arthur,kleinmond
uwe_dorle,Uwe Dorle,kleinmond
anthony_jonga,Anthony Vuyisile Jonga,lambertsbaai
antoniofrancisco_jacobs,Antonio Francisco Jacobs,lambertsbaai
chadley,Chadley Ruiters,lambertsbaai
david,David Shoshola,lambertsbaai
ernest,Ernest Titus,lambertsbaai
eshwell_phillips,Eshwell Percy Phillips,lambertsbaai
george,George Lenee,lambertsbaai
gerrit_ockhuys,Gerrit Ockhuys,lambertsbaai
martiens,Martiens Basson,lambertsbaai
michael_consalves,Michael Consalves,lambertsbaai
regan_james,regan james,lambertsbaai
roger_vd_westhuizen,Roger Van Der Westhuizen,lambertsbaai
russel_afrikaner,Russel Afrikaner,lambertsbaai
wilfred,Wilfred Consalves,lambertsbaai
wilson_fortuin,Wilson Fortuin,lambertsbaai
wilson_saal,Wilson Saal,lambertsbaai
albertmartin_blake,albert martin Blake,langebaan
albert_rodgers,albert rodgers,langebaan
deon_warnick,Deon Warnick,langebaan
haroldrichard_beeselaar,Harold Richard Beeselaar,langebaan
oslen_vanboven,Oslen Van Boven,langebaan
quinton_march,Quinton March,langebaan
corneels_don,Corneels Don,olifants
davidcornelius_don,David cornelius Don,olifants
gert_cloete,Gert Cloete,olifants
gert_don,Gert Don,olifants
josef_deboela,Josef De Boela,olifants
lodewyk_don,Lodewyk Don,olifants
marius_kupido,Marius Kupido,olifants
mervinjustin_afrika,Mervin Justin Afrika,olifants
patricktobias_don,Patrick Tobias Don,olifants
petre_leroux,Petre Le Roux,olifants
petrus_don,Petrus Don,olifants
petrusjacbus_koordon,Petrus Jacbus Koordon,olifants
willem_kasper,Willem Kasper,olifants
andre_cloete,Andre Cloete,portnolloth
barend_vanwyk,Barend Van Wyk,portnolloth
benjamin_ruiter,Benjamin Ruiter,portnolloth
charles_townsend,Charles Townsend,portnolloth
charmaine_beukes,Charmaine Beukes,portnolloth
christiaan_mckenzie,Christiaan Mckenzie,portnolloth
daniel_ruiter,Daniel Ruiter,portnolloth
david_cloete,David Cloete,portnolloth
dean_uys,Dean Uys,portnolloth
deol_isaaks,Deol Isaaks,portnolloth
desmond_bertoni,Desmond Bertoni,portnolloth
desmond_cloete,Desmond Cloete,portnolloth
elias_deklerk,Elias De Klerk,portnolloth
elroy_adams,Elroy Adams,portnolloth
eric_magerman,Eric Magerman,portnolloth
errol_duckett,Errol Duckett,portnolloth
eugene_cloete,Eugene Cloete,portnolloth
freddy_joseph,Freddy Joseph,portnolloth
frikkie_smith,Frikkie Smith,portnolloth
gert_saal,Gert Saal,portnolloth
hendrik_vanwyk,Hendrik Van Wyk,portnolloth
ismael_saal,Ismael Saal,portnolloth
jacobuspetrus_vanwyk,Jacobus Petrus Van Wyk,portnolloth
jacobus_saal,Jacobus Saal,portnolloth
jacquilene_saal,Jacquilene Saal,portnolloth
jeremia_owies,Jeremia Owies,portnolloth
joey_cloete,Joey Cloete,portnolloth
johannes_steenkamp,Johannes Steenkamp,portnolloth
john_dirkse,John Dirkse,portnolloth
john_vanneel,John Van Neel,portnolloth
josef_saal,Josef Saal,portnolloth
juliana_rooi,Juliana Rooi,portnolloth
michiel_diergaardt,Michiel Diergaardt,portnolloth
morgan_johnson,Morgan Johnson,portnolloth
murial_kanzi,Murial Kanzi,portnolloth
petrus_rooi,Petrus Rooi,portnolloth
reginald_peddy,Reginald Peddy,portnolloth
richard_dewee,Richard De Wee,portnolloth
rose_malan,Rose Malan,portnolloth
soniafrancis_joseph,Sonia Francis Joseph,portnolloth
sonja_cloete,Sonja Cloete,portnolloth
stanley_young,Stanley Young,portnolloth
stuart_thomas,Stuart Thomas,portnolloth
vivian_cloete,Vivian Cloete,portnolloth
wilhelmina_cloete,Wilhelmina Cloete,portnolloth
willem_links,Willem Links,portnolloth
william_arends,William Arends,portnolloth
william_dewet,William De Wet,portnolloth
witbooi_diergaardt,Witbooi Diergaardt,portnolloth
rudi_nieuwoudt,Rudi Nieuwoudt,pringlebay
christian_adams,Christian Adams,sainthelena
adam_baske,Adam Baske,sainthelenaisland
testfirstname_testsurname,Testfirstname Testsurname,sainthelenaisland
adam_marthinus,adam marthinus,struisbaai
clarence,clarence riddles,struisbaai
hendrik_bantom,Hendrik Bantom,struisbaai
john,john Grandfield,struisbaai
marthinus_newman,marthinus newman,struisbaai
michael_ahrendse,michael ahrendse,struisbaai
micheal_adams,micheal adams,struisbaai
niklaas,Niklaas Joorst,struisbaai
peter_thompson,peter thompson,struisbaai
petrus,petrus groenewald,struisbaai
stuart,Stuart Du Plessis,struisbaai
wentzelwilliam_newman,Wentzel William Newman,struisbaai
unknown_older_data,Unknown OldData,unknown
