name_key,name_Eng,name_Afr
mist,There is mist/fog,Dit is mistig
bad_weather,Weather is bad,Weer is sleg
boat_out_of_order,The boat needs to be fixed,Die boot moet regemaak word
boat_no_licence,The boat is not licenced,Die boot is nie ge-lisensieer nie
no_fishing_permit,I don't have a valid permit,Ek het nie 'n geldige permit nie
no_fish,There is no fish at the moment,Daar is tans nie vis nie
out_of_season,I am waiting for the start of the season,Ek wag vir die begin van die seisoen
not_on_list,Other (not on list),Ander (nie op lys nie)
