name_key,name_Eng,name_Afr,image,sortby,soryby_shore,region
capebream,Cape Bream,Hottentot,capebream_200.png,1,50,west_coast eastern_cape kwazulunatal
capesalmon,Cape Salmon,Geelbek,geelbek_200.png,2,100,west_coast eastern_cape kwazulunatal
wclobster,WC Rock Lobster,Kreef (weskus),wclobster_200.png,2,100,west_coast
yellowtail,Yellow Tail,Geelstert,yellowtail_200.png,3,100,west_coast eastern_cape kwazulunatal
silvers,Carpenter (Silvers),Silvers,carpenter_200.png,4,10,west_coast eastern_cape kwazulunatal
snoek,Snoek,Snoek,snoek_200.png,4,100,west_coast
whitemussel,White Mussel,Wit Mossel,mussel_200.png,6,0,west_coast eastern_cape kwazulunatal
santer,Santer,Soldaat,Santer_200.png,7,50,west_coast eastern_cape kwazulunatal
silverkob,Silver Kob,Silver Kabeljou,SilverKob_200.png,7,50,west_coast eastern_cape kwazulunatal
redroman,Red Roman,Rooi Roman,RedRoman_200.png,8,50,west_coast eastern_cape kwazulunatal
redsteenbras,Red Steenbras,Rooisteenbras,redsteenbras_200.png,8,50,west_coast eastern_cape kwazulunatal
redstumpnose,Red Stumpnose (miss lucy),Rooi Stumpnose,redstumpnose_200.png,8,50,west_coast eastern_cape kwazulunatal
skipjack,Skipjack,Katunkel,skipjack_200.png,8,50,west_coast eastern_cape kwazulunatal saint_helena_island
yellowfintuna,Yellowfin Tuna,Geelvin Tunny,yellowfintuna_200.png,8,100,west_coast eastern_cape kwazulunatal saint_helena_island
whitesteenbras,White Steenbras,Witsteenbras,WhiteSteenbras_200.png,9,50,west_coast eastern_cape kwazulunatal
capestumpnose,Cape Stumpnose,Kaapse stompneus,CapeStumpnose_200.png,10,50,west_coast eastern_cape kwazulunatal
duskykob,Dusky Kob,Dusky Kabeljou,DuskyKob_200.png,10,50,west_coast eastern_cape kwazulunatal
galjoen,Galjoen,Galjoen,galjoen_200.png,10,50,west_coast eastern_cape kwazulunatal
garrick,Garrick,Leervis,Garrick_200.png,10,50,west_coast eastern_cape kwazulunatal
gurnard,Gurnard,Knorhaan,gurnard_200.png,10,50,west_coast eastern_cape kwazulunatal
whitestumpnose,White Stumpnose,Wit Stompneus,WhiteStumpnose_200.png,10,50,west_coast eastern_cape kwazulunatal
slinger,Slinger,Slinger,Slinger_200.png,13,100,eastern_cape kwazulunatal
horsemackerel,Horse Mackerel,Maasbanker,horsemackerel_200.png,15,100,west_coast
jacopever,Jacopever,Jacopewer,Jacopever_200.png,15,100,west_coast
harder,Mullet,Harder,mullet_200.png,15,50,west_coast eastern_cape kwazulunatal
sardine,Sardine,Sardyn,sardine_200.png,15,50,west_coast eastern_cape kwazulunatal
shad,Shad,Elf,shad_elf_200.png,15,50,west_coast eastern_cape kwazulunatal
springer,Springer,Springer,springer_200.png,15,50,west_coast eastern_cape kwazulunatal
blacktail,Blacktail,Dassie,Blacktail_200.png,20,50,west_coast eastern_cape kwazulunatal
chubmackerel,Chub Mackerel,Chub Mackerel,chubmackerel_200.png,20,100,west_coast eastern_cape kwazulunatal saint_helena_island
dorado,Dorado,Dorade,Dorado_200.png,20,100,west_coast eastern_cape kwazulunatal  saint_helena_island
hake,Hake,Stokvis,hake_200.png,20,100,west_coast
squid,Squid,Tjokka,squid_200.png,20,50,west_coast eastern_cape kwazulunatal
stjoseph,St Joseph,St Joseph,Stjoseph_200.png,20,50,west_coast eastern_cape kwazulunatal
bluehottentot,Blue Hottentot,Blou Hottentot,BlueHottentot_200.png,24,50,west_coast eastern_cape kwazulunatal
blackmusselcracker,Black Musselcracker,Poenskop,blackmusselcracker_200.png,25,50,west_coast eastern_cape kwazulunatal
carp,Carp,Karp,Carp_200.png,25,100,west_coast
kingklip,Kingklip,Koningklip,kingklip_200.png,30,100,west_coast
longfintuna,Longfin Tuna,Albakoor,LongfinTuna_200.png,30,100,west_coast saint_helena_island
zebraseabream,Zebra Seabream,Wildeperd,zebra wildeperd_200.png,30,50,eastern_cape kwazulunatal
queenmackerel,Queen Mackerel,Spikkel-katonkel,QueenMackerel_200.png,35,100,eastern_cape kwazulunatal saint_helena_island
blacktipshark,Blacktip Shark,Blacktip Shark,blacktip_200.png,40,100,west_coast eastern_cape kwazulunatal
bluestingray,Blue Stingray,Blou Pylstert,Bluestingray_200.png,40,100,west_coast
bronzewhalershark,Bronze Whaler Shark,Koperhaai,BronzeWhaler_200.png,40,50,west_coast eastern_cape kwazulunatal
gullyshark,Gully Shark,Gespikkelde Sloothaai,GullyShark_200.png,40,50,west_coast eastern_cape kwazulunatal
sandshark,Sandshark,Banjo/Sandhaai,Sandshark_200.png,40,50,west_coast eastern_cape kwazulunatal
soupfinshark,Soupfin Shark,Vaalhaai,Soupfin_200.png,40,100,west_coast
octopus,Octopus,Seekat,octopus_200.png,49,0,west_coast eastern_cape kwazulunatal
abalone,Abalone,Perlemoen,abalone_200.png,50,2,west_coast eastern_cape kwazulunatal
alikreukel,Alikreukel,Alikreukel,Alikreukel_200.png,50,0,west_coast eastern_cape kwazulunatal
bluemussel,Blue Mussel,Bloumossel,bluemussel_200.png,50,100,west_coast
kelp,Kelp (Seaweed),Bamboes (seegras),kelp_200.png,50,0,west_coast eastern_cape kwazulunatal
prawns,Prawns,Garnale,prawns_200.png,50,1,west_coast eastern_cape kwazulunatal
baardman,Baardman,Baardman,Baardman_200.png,100,6,eastern_cape kwazulunatal
bigeyekingfish,Bigeye Kingfish,Bigeye Kingfish,BigeyeKingfish_200.png,100,10,eastern_cape kwazulunatal
blackmussel,Black mussel,Swart mossel,BlackMussel_200.png,100,0,eastern_cape kwazulunatal
bronzebream,Bronze bream,Bronze bream,BronzeBream_200.png,100,6,eastern_cape kwazulunatal
caperockcrab,Cape Rock Crab,Cape Rock Crab,CapeRockCrab_200.png,100,0,eastern_cape kwazulunatal
ecrl,East Cost Rock Lobster,East Cost Rock Lobster,ECRL_200.png,100,4,eastern_cape kwazulunatal
ghostcrab,Ghostcrab,Ghostcrab,Ghostcrab_200.png,100,1,eastern_cape kwazulunatal
giantchiton,Giant Chiton,Giant Chiton,GiantChiton_200.png,100,10,eastern_cape kwazulunatal
giantkingfish,Giant Kingfish,Giant Kingfish,GiantKingfish_200.png,100,10,eastern_cape kwazulunatal
johnbrown,John Brown,Janbruin,JohnBrown_200.png,100,10,eastern_cape kwazulunatal
karanteen,Karanteen,Karanteen,Karanteen_200.png,100,10,eastern_cape kwazulunatal
kingmackerel,King mackerel,King mackerel,KingMackerel_200.png,100,10,eastern_cape kwazulunatal saint_helena_island
limpet,Limpet,Limpet,Limpet_200.png,100,0,west_coast eastern_cape kwazulunatal
mudcrab,Mud crab,Mud crab,MudCrab_200.png,100,1,eastern_cape kwazulunatal
musselworm,Musselworm,Musselworm,Musselworm_200.png,100,10,eastern_cape kwazulunatal
natalstumpnose,Natal Stumpnose,Natal Stumpnose,NatalStumpnose_200.png,100,10,eastern_cape kwazulunatal
not_on_list,Other (not on list),Ander (nie op lys nie),,100,100,west_coast eastern_cape kwazulunatal
oyster,Oyster,Oester,Oyster_200.png,100,0,eastern_cape kwazulunatal
periwinkle,Periwinkle,Periwinkle,Periwinkle_200.png,100,0,eastern_cape kwazulunatal
pompano,Pompano,Pompano,pompano_200.png,100,10,eastern_cape kwazulunatal
raggedtoothshark,Ragged Tooth Shark,Ragged Tooth Shark,RaggedToothShark_200.png,100,10,eastern_cape kwazulunatal
riverbream,River bream,River bream,RiverBream_200.png,100,10,eastern_cape kwazulunatal
riversnapper,Riversnapper,Riversnapper,Riversnapper_200.png,100,10,eastern_cape kwazulunatal
spottedgrunter,Spotted grunter,Spotted grunter,SpottedGrunter_200.png,100,10,eastern_cape kwazulunatal
whitemusselcracker,White mussel cracker,White mussel cracker,whitemusselcracker_200.png,100,10,eastern_cape kwazulunatal
