name_key,name_Eng,name_Afr,trip_type,image_filename
diving,Diving,Duik,shore boat,gear_placeholder.jpg
hand,By hand,Met die hand,shore,gear_placeholder.jpg
handline,Hand-line,Handlyn,shore boat,gear_placeholder.jpg
net_gill,Gill net,Gill-net,shore boat,gear_placeholder.jpg
net_hoop,Hoop net,Hoepel-net,boat,gear_placeholder.jpg
net_throw,Throw net,Gooi-net,shore boat,gear_placeholder.jpg
net_trek,Trek net,Trek-net,shore boat,gear_placeholder.jpg
pump,Pump,Pomp,shore,gear_placeholder.jpg
rod,Fishing rod,Visstok,shore boat,gear_placeholder.jpg
trap,Trap,Lokval (Engels: trap),shore boat,gear_placeholder.jpg
not_on_list,Other (not on list),Ander (nie op lys nie),shore boat,gear_placeholder.jpg
intertidal_1,Intertidal 1,Intertidal 1,shore,int1.png
intertidal_2,Intertidal 2,Intertidal 2,shore,int2.png
intertidal_3,Intertidal 3,Intertidal 3,shore,int3.png
intertidal_4,Intertidal 4,Intertidal 4,shore,int4.png
intertidal_5,Intertidal 5,Intertidal 5,shore,int5.png
line_fish_1,Line Fish 1,Line Fish 1,shore,line1.png
line_fish_2,Line Fish 2,Line Fish 2,shore,line2.png
line_fish_3,Line Fish 3,Line Fish 3,shore,line3.png
line_fish_4,Line Fish 4,Line Fish 4,shore,line4.png
line_fish_5,Line Fish 5,Line Fish 5,shore,line5.png
line_fish_6,Line Fish 6,Line Fish 6,shore,line6.png
