name_key,province,name_Eng,name_Afr,region
arniston,WC,Arniston,Waenhuiskrans,west_coast
bellville,WC,Bellville,Bellville,west_coast
bettysbay,WC,Bettys Bay,Bettysbaai,west_coast
capetown,WC,Cape Town,Cape Town,west_coast
coffeebay,KZN,Coffee Bay,Koffiebaai,kwazulunatal eastern_cape
democommunity,WC,Demo Community,Demo Gemeenskap,west_coast
doringbaai,WC,Doring Bay,Doringbaai,west_coast
elandsbaai,WC,Elands Bay,Elandsbaai,west_coast
gordons_bay,WC,Gordon's Bay,Gordonsbaai,west_coast
grassy_park,WC,Grassy Park,Grassy Park,west_coast
hermanus,WC,Hermanus,Hermanus,west_coast
hondeklipbaai,NC,Hondeklip Bay,Hondeklipbaai,west_coast
hout_bay,WC,Hout Bay,Houtbaai,west_coast
kalk_bay,WC,Kalk Bay,Kalkbaai,west_coast
kleinmond,WC,Kleinmond,Kleinmond,west_coast
lambertsbaai,WC,Lamberts Bay,Lambertsbaai,west_coast
langebaan,WC,Langebaan,Langebaan,west_coast
muizenberg,WC,Muizenberg,Muizenberg,west_coast
olifants,WC,Olifants,Olifants,west_coast
paternoster,WC,Paternoster,Paternoster,west_coast
portnolloth,NC,Port Nolloth,Port Nolloth,west_coast
pringlebay,WC,Pringle Bay,Pringlebaai,west_coast
sainthelena,WC,Saint Helena,Saint Helena,west_coast
simonstown,WC,Simon's Town,Simonstad,west_coast
sainthelenaisland,SHI,St Helena Island,St Helena Eiland,saint_helena_island
strand,WC,Strand,Strand,west_coast
strandfontein_falsebay,WC,Strandfontein (False Bay),Strandfontein (Valsbaai),west_coast
struisbaai,WC,Struis Bay,Struisbaai,west_coast
